Time,Absorbance,Substrate_Concentration,Replicate
0.0,-0.05034042488035999,10,1
0.10101010101010101,1683.5090565692856,10,1
0.20202020202020202,3366.9892096501544,10,1
0.30303030303030304,5050.51357300081,10,1
0.40404040404040403,6733.994955088583,10,1
0.5050505050505051,8417.493897053328,10,1
0.6060606060606061,10100.966377885114,10,1
0.7070707070707071,11784.494876097717,10,1
0.8080808080808081,13467.993072474064,10,1
0.9090909090909091,15151.50290058738,10,1
1.0101010101010102,16835.025645113332,10,1
1.1111111111111112,18518.491997266654,10,1
1.2121212121212122,20202.01507249912,10,1
1.3131313131313131,21885.535682214628,10,1
1.4141414141414141,23568.99985141249,10,1
1.5151515151515151,25252.51845881695,10,1
1.6161616161616161,26936.038706572475,10,1
1.7171717171717171,28619.54918683984,10,1
1.8181818181818181,30303.039701934755,10,1
1.9191919191919191,31986.566920873836,10,1
2.0202020202020203,33670.064374383175,10,1
2.121212121212121,35353.5253086383,10,1
2.2222222222222223,37037.025165288585,10,1
2.323232323232323,38720.53466908042,10,1
2.4242424242424243,40404.034407577084,10,1
2.525252525252525,42087.57544347519,10,1
2.6262626262626263,43771.07034144334,10,1
2.727272727272727,45454.55916325374,10,1
2.8282828282828283,47138.03828515959,10,1
2.929292929292929,48821.554190042036,10,1
3.0303030303030303,50505.05403925814,10,1
3.131313131313131,52188.55585559827,10,1
3.2323232323232323,53872.06946883521,10,1
3.3333333333333335,55555.53188249216,10,1
3.4343434343434343,57239.063724033615,10,1
3.5353535353535355,58922.57954883454,10,1
3.6363636363636362,60606.08027649484,10,1
3.7373737373737375,62289.57529906193,10,1
3.8383838383838382,63973.040433937254,10,1
3.9393939393939394,65656.56445213412,10,1
4.040404040404041,67340.07959400972,10,1
4.141414141414141,69023.53175077893,10,1
4.242424242424242,70707.08652620346,10,1
4.343434343434343,72390.58997982851,10,1
4.444444444444445,74074.06892673165,10,1
4.545454545454545,75757.57148993478,10,1
4.646464646464646,77441.06697438691,10,1
4.747474747474747,79124.59016032223,10,1
4.848484848484849,80808.11715693229,10,1
4.94949494949495,82491.5676192962,10,1
5.05050505050505,84175.11495866852,10,1
5.151515151515151,85858.56967045044,10,1
5.252525252525253,87542.09128684875,10,1
5.353535353535354,89225.56734833898,10,1
5.454545454545454,90909.07989616132,10,1
5.555555555555555,92592.57781001116,10,1
5.656565656565657,94276.0679788375,10,1
5.757575757575758,95959.58403819948,10,1
5.858585858585858,97643.0817046447,10,1
5.959595959595959,99326.60254469805,10,1
6.0606060606060606,101010.097548516,10,1
6.161616161616162,102693.59861143737,10,1
6.262626262626262,104377.09024592834,10,1
6.363636363636363,106060.58788079336,10,1
6.4646464646464645,107744.06551134301,10,1
6.565656565656566,109427.56173842966,10,1
6.666666666666667,111111.13813163764,10,1
6.767676767676767,112794.59863189775,10,1
6.8686868686868685,114478.11219736782,10,1
6.96969696969697,116161.61534225178,10,1
7.070707070707071,117845.1483343731,10,1
7.171717171717171,119528.60780903857,10,1
7.2727272727272725,121212.10614128043,10,1
7.373737373737374,122895.60404985785,10,1
7.474747474747475,124579.13751085923,10,1
7.575757575757575,126262.63746246233,10,1
7.6767676767676765,127946.1266916889,10,1
7.777777777777778,129629.6296164408,10,1
7.878787878787879,131313.13719656024,10,1
7.979797979797979,132996.624119564,10,1
8.080808080808081,134680.12263088737,10,1
8.181818181818182,136363.61970434798,10,1
8.282828282828282,138047.14142469518,10,1
8.383838383838384,139730.64563466463,10,1
8.484848484848484,141414.12861976522,10,1
8.585858585858587,143097.6128529579,10,1
8.686868686868687,144781.1061016093,10,1
8.787878787878787,146464.63108990467,10,1
8.88888888888889,148148.13304770118,10,1
8.98989898989899,149831.69432540628,10,1
9.09090909090909,151515.11401237798,10,1
9.191919191919192,153198.66397084782,10,1
9.292929292929292,154882.1156032151,10,1
9.393939393939394,156565.62653712224,10,1
9.494949494949495,158249.16287501116,10,1
9.595959595959595,159932.65928600926,10,1
9.696969696969697,161616.17504452908,10,1
9.797979797979798,163299.69191513548,10,1
9.8989898989899,164983.18583484652,10,1
10.0,166666.65573078394,10,1
0.0,0.023420340444872508,10,2
0.10101010101010101,1683.4735016719646,10,2
0.20202020202020202,3367.0048234290903,10,2
0.30303030303030304,5050.486984627297,10,2
0.40404040404040403,6733.996362743582,10,2
0.5050505050505051,8417.528842780677,10,2
0.6060606060606061,10100.99801757134,10,2
0.7070707070707071,11784.532904549,10,2
0.8080808080808081,13467.99865075023,10,2
0.9090909090909091,15151.497471639812,10,2
1.0101010101010102,16835.031871728588,10,2
1.1111111111111112,18518.504069748244,10,2
1.2121212121212122,20202.03711656401,10,2
1.3131313131313131,21885.54278713947,10,2
1.4141414141414141,23568.992820136762,10,2
1.5151515151515151,25252.511554683246,10,2
1.6161616161616161,26935.998573164856,10,2
1.7171717171717171,28619.524289254772,10,2
1.8181818181818181,30303.04214695395,10,2
1.9191919191919191,31986.538345406,10,2
2.0202020202020203,33670.04012982262,10,2
2.121212121212121,35353.53229180109,10,2
2.2222222222222223,37037.01949745815,10,2
2.323232323232323,38720.5380015652,10,2
2.4242424242424243,40404.03613173381,10,2
2.525252525252525,42087.55205912717,10,2
2.6262626262626263,43771.02735424637,10,2
2.727272727272727,45454.55448192308,10,2
2.8282828282828283,47138.030977093105,10,2
2.929292929292929,48821.57017279884,10,2
3.0303030303030303,50505.06173819501,10,2
3.131313131313131,52188.529683838715,10,2
3.2323232323232323,53872.04969764407,10,2
3.3333333333333335,55555.532442924916,10,2
3.4343434343434343,57239.0899900964,10,2
3.5353535353535355,58922.56906502908,10,2
3.6363636363636362,60606.10820159396,10,2
3.7373737373737375,62289.5810084194,10,2
3.8383838383838382,63973.070509879384,10,2
3.9393939393939394,65656.55476311213,10,2
4.040404040404041,67340.08558107776,10,2
4.141414141414141,69023.57903601497,10,2
4.242424242424242,70707.06560402509,10,2
4.343434343434343,72390.54843612202,10,2
4.444444444444445,74074.1009914189,10,2
4.545454545454545,75757.5491038591,10,2
4.646464646464646,77441.04572411059,10,2
4.747474747474747,79124.5820329637,10,2
4.848484848484849,80808.09165939421,10,2
4.94949494949495,82491.58159213254,10,2
5.05050505050505,84175.0794130343,10,2
5.151515151515151,85858.59718257512,10,2
5.252525252525253,87542.0776839654,10,2
5.353535353535354,89225.60297487462,10,2
5.454545454545454,90909.11305293792,10,2
5.555555555555555,92592.59487972132,10,2
5.656565656565657,94276.0764562406,10,2
5.757575757575758,95959.61975646869,10,2
5.858585858585858,97643.07175085152,10,2
5.959595959595959,99326.58816086517,10,2
6.0606060606060606,101010.07286938754,10,2
6.161616161616162,102693.60246289233,10,2
6.262626262626262,104377.09978110882,10,2
6.363636363636363,106060.58037137506,10,2
6.4646464646464645,107744.12462045414,10,2
6.565656565656566,109427.60766968991,10,2
6.666666666666667,111111.16778477456,10,2
6.767676767676767,112794.61241682063,10,2
6.8686868686868685,114478.10200191067,10,2
6.96969696969697,116161.60453840272,10,2
7.070707070707071,117845.13402534496,10,2
7.171717171717171,119528.61394559513,10,2
7.2727272727272725,121212.1281005237,10,2
7.373737373737374,122895.59220909775,10,2
7.474747474747475,124579.10655840422,10,2
7.575757575757575,126262.62332122857,10,2
7.6767676767676765,127946.11469310678,10,2
7.777777777777778,129629.64391208651,10,2
7.878787878787879,131313.12610735046,10,2
7.979797979797979,132996.62569054202,10,2
8.080808080808081,134680.15068926112,10,2
8.181818181818182,136363.63593568947,10,2
8.282828282828282,138047.15149092913,10,2
8.383838383838384,139730.59414718498,10,2
8.484848484848484,141414.14975470217,10,2
8.585858585858587,143097.6576833639,10,2
8.686868686868687,144781.166203216,10,2
8.787878787878787,146464.66088845587,10,2
8.88888888888889,148148.1504881765,10,2
8.98989898989899,149831.61477466472,10,2
9.09090909090909,151515.13165804738,10,2
9.191919191919192,153198.63029913144,10,2
9.292929292929292,154882.1211590261,10,2
9.393939393939394,156565.62905582646,10,2
9.494949494949495,158249.1461649265,10,2
9.595959595959595,159932.63631235552,10,2
9.696969696969697,161616.1654817169,10,2
9.797979797979798,163299.65517670295,10,2
9.8989898989899,164983.18157915084,10,2
10.0,166666.64930863716,10,2
0.0,0.06901568166232505,10,3
0.10101010101010101,1683.5311674400566,10,3
0.20202020202020202,3367.0388376072333,10,3
0.30303030303030304,5050.536064161979,10,3
0.40404040404040403,6733.957657462316,10,3
0.5050505050505051,8417.517181666115,10,3
0.6060606060606061,10101.016239209179,10,3
0.7070707070707071,11784.528111215235,10,3
0.8080808080808081,13468.005863228873,10,3
0.9090909090909091,15151.481648564813,10,3
1.0101010101010102,16835.046550053332,10,3
1.1111111111111112,18518.48044444216,10,3
1.2121212121212122,20202.03902017798,10,3
1.3131313131313131,21885.49727363723,10,3
1.4141414141414141,23569.016913577692,10,3
1.5151515151515151,25252.50949449023,10,3
1.6161616161616161,26936.03898481094,10,3
1.7171717171717171,28619.55831659121,10,3
1.8181818181818181,30303.046067572486,10,3
1.9191919191919191,31986.580165792002,10,3
2.0202020202020203,33670.0117393788,10,3
2.121212121212121,35353.54975272182,10,3
2.2222222222222223,37037.052177370155,10,3
2.323232323232323,38720.52141375238,10,3
2.4242424242424243,40404.02846824614,10,3
2.525252525252525,42087.51257699998,10,3
2.6262626262626263,43771.05485265393,10,3
2.727272727272727,45454.53379600361,10,3
2.8282828282828283,47138.06501830622,10,3
2.929292929292929,48821.57926977276,10,3
3.0303030303030303,50505.04988849728,10,3
3.131313131313131,52188.5419065948,10,3
3.2323232323232323,53872.05908454303,10,3
3.3333333333333335,55555.56844651204,10,3
3.4343434343434343,57239.06859316066,10,3
3.5353535353535355,58922.60715528865,10,3
3.6363636363636362,60606.04892421674,10,3
3.7373737373737375,62289.55678995099,10,3
3.8383838383838382,63973.04480151125,10,3
3.9393939393939394,65656.59852307058,10,3
4.040404040404041,67340.0588421518,10,3
4.141414141414141,69023.57922203129,10,3
4.242424242424242,70707.05785697317,10,3
4.343434343434343,72390.55143365217,10,3
4.444444444444445,74074.09971363882,10,3
4.545454545454545,75757.54421769724,10,3
4.646464646464646,77441.08969438264,10,3
4.747474747474747,79124.56922218812,10,3
4.848484848484849,80808.07875579309,10,3
4.94949494949495,82491.58392499315,10,3
5.05050505050505,84175.08218057004,10,3
5.151515151515151,85858.5935689569,10,3
5.252525252525253,87542.11936977612,10,3
5.353535353535354,89225.60288914309,10,3
5.454545454545454,90909.11267660382,10,3
5.555555555555555,92592.57758430872,10,3
5.656565656565657,94276.13338094007,10,3
5.757575757575758,95959.63502996172,10,3
5.858585858585858,97643.07267351172,10,3
5.959595959595959,99326.58859860936,10,3
6.0606060606060606,101010.1127429746,10,3
6.161616161616162,102693.59492386052,10,3
6.262626262626262,104377.10164608015,10,3
6.363636363636363,106060.59150700651,10,3
6.4646464646464645,107744.11921569562,10,3
6.565656565656566,109427.62643603336,10,3
6.666666666666667,111111.1271041008,10,3
6.767676767676767,112794.5956433644,10,3
6.8686868686868685,114478.07467514393,10,3
6.96969696969697,116161.58659087043,10,3
7.070707070707071,117845.14334479964,10,3
7.171717171717171,119528.6514539392,10,3
7.2727272727272725,121212.12774623997,10,3
7.373737373737374,122895.63208000835,10,3
7.474747474747475,124579.11504438851,10,3
7.575757575757575,126262.60622544198,10,3
7.6767676767676765,127946.12800313183,10,3
7.777777777777778,129629.63581001617,10,3
7.878787878787879,131313.1063275933,10,3
7.979797979797979,132996.64426184486,10,3
8.080808080808081,134680.1264379476,10,3
8.181818181818182,136363.63471745286,10,3
8.282828282828282,138047.12154517946,10,3
8.383838383838384,139730.62513125656,10,3
8.484848484848484,141414.12859802635,10,3
8.585858585858587,143097.6487465872,10,3
8.686868686868687,144781.12916723904,10,3
8.787878787878787,146464.58934856084,10,3
8.88888888888889,148148.14774816504,10,3
8.98989898989899,149831.64703418643,10,3
9.09090909090909,151515.17054400058,10,3
9.191919191919192,153198.6875500748,10,3
9.292929292929292,154882.1647591736,10,3
9.393939393939394,156565.65170225687,10,3
9.494949494949495,158249.14352926394,10,3
9.595959595959595,159932.62312905854,10,3
9.696969696969697,161616.16857829178,10,3
9.797979797979798,163299.690148607,10,3
9.8989898989899,164983.1419167312,10,3
10.0,166666.68546514417,10,3
0.0,0.0013323576663664789,20,1
0.10101010101010101,2886.0103886700203,20,1
0.20202020202020202,5772.016619936573,20,1
0.30303030303030304,8658.012458144332,20,1
0.40404040404040403,11544.004886355975,20,1
0.5050505050505051,14429.98102252653,20,1
0.6060606060606061,17316.021803352385,20,1
0.7070707070707071,20201.994401713688,20,1
0.8080808080808081,23088.039032902798,20,1
0.9090909090909091,25973.998947151114,20,1
1.0101010101010102,28860.03647961864,20,1
1.1111111111111112,31746.047250198222,20,1
1.2121212121212122,34632.03927860386,20,1
1.3131313131313131,37518.0266648495,20,1
1.4141414141414141,40404.03981336679,20,1
1.5151515151515151,43290.03296501512,20,1
1.6161616161616161,46176.03594487857,20,1
1.7171717171717171,49062.05458470571,20,1
1.8181818181818181,51948.07179249977,20,1
1.9191919191919191,54834.049093077214,20,1
2.0202020202020203,57720.05789185188,20,1
2.121212121212121,60606.07003260352,20,1
2.2222222222222223,63492.03811521625,20,1
2.323232323232323,66378.0818287032,20,1
2.4242424242424243,69264.02841602708,20,1
2.525252525252525,72150.07440059262,20,1
2.6262626262626263,75036.0940929828,20,1
2.727272727272727,77922.09690463802,20,1
2.8282828282828283,80808.08541953695,20,1
2.929292929292929,83694.1062203249,20,1
3.0303030303030303,86580.09265907174,20,1
3.131313131313131,89466.05106330827,20,1
3.2323232323232323,92352.06935156592,20,1
3.3333333333333335,95238.12279558263,20,1
3.4343434343434343,98124.07302195454,20,1
3.5353535353535355,101010.10664269907,20,1
3.6363636363636362,103896.11282054728,20,1
3.7373737373737375,106782.09310658809,20,1
3.8383838383838382,109668.06495448512,20,1
3.9393939393939394,112554.09335437493,20,1
4.040404040404041,115440.14544865984,20,1
4.141414141414141,118326.12537955366,20,1
4.242424242424242,121212.12217151289,20,1
4.343434343434343,124098.11647184426,20,1
4.444444444444445,126984.11211811357,20,1
4.545454545454545,129870.14093613681,20,1
4.646464646464646,132756.10284189132,20,1
4.747474747474747,135642.17113337805,20,1
4.848484848484849,138528.1380702095,20,1
4.94949494949495,141414.15878324918,20,1
5.05050505050505,144300.16703977293,20,1
5.151515151515151,147186.16572070366,20,1
5.252525252525253,150072.14270532658,20,1
5.353535353535354,152958.16603786754,20,1
5.454545454545454,155844.14521215364,20,1
5.555555555555555,158730.17805432895,20,1
5.656565656565657,161616.17727031402,20,1
5.757575757575758,164502.16596823625,20,1
5.858585858585858,167388.17170830688,20,1
5.959595959595959,170274.1448530114,20,1
6.0606060606060606,173160.1848632912,20,1
6.161616161616162,176046.1531859827,20,1
6.262626262626262,178932.18295600187,20,1
6.363636363636363,181818.1979601743,20,1
6.4646464646464645,184704.1942386541,20,1
6.565656565656566,187590.1839027337,20,1
6.666666666666667,190476.25919608737,20,1
6.767676767676767,193362.1805193895,20,1
6.8686868686868685,196248.1928155359,20,1
6.96969696969697,199134.1838744971,20,1
7.070707070707071,202020.21039552146,20,1
7.171717171717171,204906.21084335152,20,1
7.2727272727272725,207792.18498838317,20,1
7.373737373737374,210678.2038597555,20,1
7.474747474747475,213564.2064171031,20,1
7.575757575757575,216450.2102947103,20,1
7.6767676767676765,219336.20642501264,20,1
7.777777777777778,222222.22640654191,20,1
7.878787878787879,225108.22344063534,20,1
7.979797979797979,227994.262638397,20,1
8.080808080808081,230880.24044215307,20,1
8.181818181818182,233766.26087170525,20,1
8.282828282828282,236652.25808174105,20,1
8.383838383838384,239538.24310525393,20,1
8.484848484848484,242424.25521845144,20,1
8.585858585858587,245310.22909536248,20,1
8.686868686868687,248196.25286452658,20,1
8.787878787878787,251082.2612642432,20,1
8.88888888888889,253968.27565261623,20,1
8.98989898989899,256854.24747236582,20,1
9.09090909090909,259740.28195107367,20,1
9.191919191919192,262626.2667964345,20,1
9.292929292929292,265512.2580082505,20,1
9.393939393939394,268398.25046648656,20,1
9.494949494949495,271284.25953682663,20,1
9.595959595959595,274170.2616382125,20,1
9.696969696969697,277056.31551847985,20,1
9.797979797979798,279942.27787762234,20,1
9.8989898989899,282828.2820031621,20,1
10.0,285714.2630710558,20,1
0.0,0.010599757362234504,20,2
0.10101010101010101,2886.006485711281,20,2
0.20202020202020202,5772.003593616534,20,2
0.30303030303030304,8657.999469390132,20,2
0.40404040404040403,11544.00953000748,20,2
0.5050505050505051,14430.006204859294,20,2
0.6060606060606061,17315.989119206548,20,2
0.7070707070707071,20202.044526895617,20,2
0.8080808080808081,23088.009689993163,20,2
0.9090909090909091,25974.0331413099,20,2
1.0101010101010102,28860.033816416915,20,2
1.1111111111111112,31746.043293548566,20,2
1.2121212121212122,34632.00861900985,20,2
1.3131313131313131,37518.04920414982,20,2
1.4141414141414141,40404.09373630014,20,2
1.5151515151515151,43290.03513282297,20,2
1.6161616161616161,46176.03843654836,20,2
1.7171717171717171,49062.060900457596,20,2
1.8181818181818181,51948.02623465192,20,2
1.9191919191919191,54834.056092576415,20,2
2.0202020202020203,57720.031478316654,20,2
2.121212121212121,60606.0587779129,20,2
2.2222222222222223,63492.064285390494,20,2
2.323232323232323,66378.0262734556,20,2
2.4242424242424243,69264.07083641955,20,2
2.525252525252525,72150.12772710634,20,2
2.6262626262626263,75036.07580171623,20,2
2.727272727272727,77922.06418093892,20,2
2.8282828282828283,80808.07450120007,20,2
2.929292929292929,83694.08549366737,20,2
3.0303030303030303,86580.11587728071,20,2
3.131313131313131,89466.10852971884,20,2
3.2323232323232323,92352.12470346449,20,2
3.3333333333333335,95238.1083808092,20,2
3.4343434343434343,98124.08355362988,20,2
3.5353535353535355,101010.11530121801,20,2
3.6363636363636362,103896.07887622544,20,2
3.7373737373737375,106782.13363316975,20,2
3.8383838383838382,109668.10568742154,20,2
3.9393939393939394,112554.11361950972,20,2
4.040404040404041,115440.09629776193,20,2
4.141414141414141,118326.12334191911,20,2
4.242424242424242,121212.12263947123,20,2
4.343434343434343,124098.12096546801,20,2
4.444444444444445,126984.12316611488,20,2
4.545454545454545,129870.12413540421,20,2
4.646464646464646,132756.13034791782,20,2
4.747474747474747,135642.1346999276,20,2
4.848484848484849,138528.14437164328,20,2
4.94949494949495,141414.1622142235,20,2
5.05050505050505,144300.10979344358,20,2
5.151515151515151,147186.1491857318,20,2
5.252525252525253,150072.169414838,20,2
5.353535353535354,152958.15489989394,20,2
5.454545454545454,155844.15983530355,20,2
5.555555555555555,158730.1228518462,20,2
5.656565656565657,161616.16741931048,20,2
5.757575757575758,164502.17974236922,20,2
5.858585858585858,167388.1654223616,20,2
5.959595959595959,170274.15055101542,20,2
6.0606060606060606,173160.17163644466,20,2
6.161616161616162,176046.16766560444,20,2
6.262626262626262,178932.21775560876,20,2
6.363636363636363,181818.16982898526,20,2
6.4646464646464645,184704.19632578405,20,2
6.565656565656566,187590.1724489909,20,2
6.666666666666667,190476.19424688985,20,2
6.767676767676767,193362.18670637195,20,2
6.8686868686868685,196248.21992594365,20,2
6.96969696969697,199134.20414825677,20,2
7.070707070707071,202020.18739106526,20,2
7.171717171717171,204906.22034371627,20,2
7.2727272727272725,207792.20025573557,20,2
7.373737373737374,210678.20379137382,20,2
7.474747474747475,213564.25161010382,20,2
7.575757575757575,216450.2210949274,20,2
7.6767676767676765,219336.20525203142,20,2
7.777777777777778,222222.2361808003,20,2
7.878787878787879,225108.25962269655,20,2
7.979797979797979,227994.29379477495,20,2
8.080808080808081,230880.19235811496,20,2
8.181818181818182,233766.26130219738,20,2
8.282828282828282,236652.20575156625,20,2
8.383838383838384,239538.2447690584,20,2
8.484848484848484,242424.22794071946,20,2
8.585858585858587,245310.25758065117,20,2
8.686868686868687,248196.27078331984,20,2
8.787878787878787,251082.2310980665,20,2
8.88888888888889,253968.25392984643,20,2
8.98989898989899,256854.2559343248,20,2
9.09090909090909,259740.26349598452,20,2
9.191919191919192,262626.2534582778,20,2
9.292929292929292,265512.26104813797,20,2
9.393939393939394,268398.28688991076,20,2
9.494949494949495,271284.27198563627,20,2
9.595959595959595,274170.2528581512,20,2
9.696969696969697,277056.2875146843,20,2
9.797979797979798,279942.2802933331,20,2
9.8989898989899,282828.293632953,20,2
10.0,285714.27643456403,20,2
0.0,-0.03508596409313498,20,3
0.10101010101010101,2885.974650836309,20,3
0.20202020202020202,5772.027774996939,20,3
0.30303030303030304,8658.047318276986,20,3
0.40404040404040403,11544.028547917595,20,3
0.5050505050505051,14430.002566457108,20,3
0.6060606060606061,17316.027846680823,20,3
0.7070707070707071,20202.044235651578,20,3
0.8080808080808081,23088.010086555412,20,3
0.9090909090909091,25974.02931173044,20,3
1.0101010101010102,28860.009689284096,20,3
1.1111111111111112,31746.018446053266,20,3
1.2121212121212122,34632.05502320287,20,3
1.3131313131313131,37518.003233672,20,3
1.4141414141414141,40403.99722365399,20,3
1.5151515151515151,43290.03021131008,20,3
1.6161616161616161,46176.0243755518,20,3
1.7171717171717171,49062.048815568305,20,3
1.8181818181818181,51948.04022509527,20,3
1.9191919191919191,54834.05929425472,20,3
2.0202020202020203,57720.0779926594,20,3
2.121212121212121,60606.053229477366,20,3
2.2222222222222223,63492.095017475665,20,3
2.323232323232323,66378.06494548371,20,3
2.4242424242424243,69264.0629609844,20,3
2.525252525252525,72150.04969989277,20,3
2.6262626262626263,75036.10412936594,20,3
2.727272727272727,77922.1018524878,20,3
2.8282828282828283,80808.06189624582,20,3
2.929292929292929,83694.08649037441,20,3
3.0303030303030303,86580.12262637028,20,3
3.131313131313131,89466.09731292269,20,3
3.2323232323232323,92352.0963909981,20,3
3.3333333333333335,95238.1010161802,20,3
3.4343434343434343,98124.0996242458,20,3
3.5353535353535355,101010.09095127099,20,3
3.6363636363636362,103896.11182499258,20,3
3.7373737373737375,106782.14042108356,20,3
3.8383838383838382,109668.13097364307,20,3
3.9393939393939394,112554.15342265907,20,3
4.040404040404041,115440.08410141958,20,3
4.141414141414141,118326.13467255681,20,3
4.242424242424242,121212.13245414609,20,3
4.343434343434343,124098.1594961517,20,3
4.444444444444445,126984.11187767414,20,3
4.545454545454545,129870.11616211261,20,3
4.646464646464646,132756.14751352472,20,3
4.747474747474747,135642.12665042418,20,3
4.848484848484849,138528.15728169275,20,3
4.94949494949495,141414.16009128018,20,3
5.05050505050505,144300.1216468618,20,3
5.151515151515151,147186.12975494008,20,3
5.252525252525253,150072.17902962817,20,3
5.353535353535354,152958.15157523894,20,3
5.454545454545454,155844.14213353087,20,3
5.555555555555555,158730.1806374025,20,3
5.656565656565657,161616.14770999603,20,3
5.757575757575758,164502.15797824305,20,3
5.858585858585858,167388.1568888442,20,3
5.959595959595959,170274.20297136062,20,3
6.0606060606060606,173160.1898562496,20,3
6.161616161616162,176046.17151495084,20,3
6.262626262626262,178932.17684627982,20,3
6.363636363636363,181818.17643082034,20,3
6.4646464646464645,184704.16854501457,20,3
6.565656565656566,187590.16952952291,20,3
6.666666666666667,190476.2006536168,20,3
6.767676767676767,193362.19970263785,20,3
6.8686868686868685,196248.20273462584,20,3
6.96969696969697,199134.194935277,20,3
7.070707070707071,202020.21103343193,20,3
7.171717171717171,204906.25562671383,20,3
7.2727272727272725,207792.19339679033,20,3
7.373737373737374,210678.22194956415,20,3
7.474747474747475,213564.22837265246,20,3
7.575757575757575,216450.203184335,20,3
7.6767676767676765,219336.24383960594,20,3
7.777777777777778,222222.24709149005,20,3
7.878787878787879,225108.2570392421,20,3
7.979797979797979,227994.22051909854,20,3
8.080808080808081,230880.2505559799,20,3
8.181818181818182,233766.22493009895,20,3
8.282828282828282,236652.22125932205,20,3
8.383838383838384,239538.24451900984,20,3
8.484848484848484,242424.21519131996,20,3
8.585858585858587,245310.23352339867,20,3
8.686868686868687,248196.2431204416,20,3
8.787878787878787,251082.26649296578,20,3
8.88888888888889,253968.24226320253,20,3
8.98989898989899,256854.24577357192,20,3
9.09090909090909,259740.2954281915,20,3
9.191919191919192,262626.2893385509,20,3
9.292929292929292,265512.2512355881,20,3
9.393939393939394,268398.2756211995,20,3
9.494949494949495,271284.253806033,20,3
9.595959595959595,274170.2533853852,20,3
9.696969696969697,277056.2997869577,20,3
9.797979797979798,279942.30931860866,20,3
9.8989898989899,282828.26558302616,20,3
10.0,285714.295265872,20,3
0.0,0.014265755101593239,50,1
0.10101010101010101,5050.500560611868,50,1
0.20202020202020202,10101.01659553785,50,1
0.30303030303030304,15151.503464131209,50,1
0.40404040404040403,20202.022011977544,50,1
0.5050505050505051,25252.47296828167,50,1
0.6060606060606061,30303.063477693737,50,1
0.7070707070707071,35353.539131922735,50,1
0.8080808080808081,40404.04363644634,50,1
0.9090909090909091,45454.52567611192,50,1
1.0101010101010102,50505.07005208498,50,1
1.1111111111111112,55555.57321412474,50,1
1.2121212121212122,60606.078893305086,50,1
1.3131313131313131,65656.59618090886,50,1
1.4141414141414141,70707.0641344261,50,1
1.5151515151515151,75757.58585327883,50,1
1.6161616161616161,80808.05901872656,50,1
1.7171717171717171,85858.60306969174,50,1
1.8181818181818181,90909.07867657904,50,1
1.9191919191919191,95959.58596106959,50,1
2.0202020202020203,101010.09919435905,50,1
2.121212121212121,106060.61479556274,50,1
2.2222222222222223,111111.11064103017,50,1
2.323232323232323,116161.60412411475,50,1
2.4242424242424243,121212.0916189889,50,1
2.525252525252525,126262.62369961847,50,1
2.6262626262626263,131313.15193950522,50,1
2.727272727272727,136363.60733261736,50,1
2.8282828282828283,141414.1345895897,50,1
2.929292929292929,146464.60909873768,50,1
3.0303030303030303,151515.16203610075,50,1
3.131313131313131,156565.6603790045,50,1
3.2323232323232323,161616.14757653218,50,1
3.3333333333333335,166666.6816518136,50,1
3.4343434343434343,171717.15932834792,50,1
3.5353535353535355,176767.6821660551,50,1
3.6363636363636362,181818.18286549093,50,1
3.7373737373737375,186868.67999716065,50,1
3.8383838383838382,191919.18015241527,50,1
3.9393939393939394,196969.70095771152,50,1
4.040404040404041,202020.25359480805,50,1
4.141414141414141,207070.71650888087,50,1
4.242424242424242,212121.215764426,50,1
4.343434343434343,217171.7124697138,50,1
4.444444444444445,222222.20058738443,50,1
4.545454545454545,227272.71892225998,50,1
4.646464646464646,232323.2177220608,50,1
4.747474747474747,237373.7067935005,50,1
4.848484848484849,242424.25209659434,50,1
4.94949494949495,247474.77956037465,50,1
5.05050505050505,252525.31084585594,50,1
5.151515151515151,257575.7345807944,50,1
5.252525252525253,262626.27148958493,50,1
5.353535353535354,267676.78988921695,50,1
5.454545454545454,272727.2483692805,50,1
5.555555555555555,277777.78222417994,50,1
5.656565656565657,282828.2801491433,50,1
5.757575757575758,287878.8141725498,50,1
5.858585858585858,292929.3146208364,50,1
5.959595959595959,297979.81396928243,50,1
6.0606060606060606,303030.2888814146,50,1
6.161616161616162,308080.819713916,50,1
6.262626262626262,313131.2987601691,50,1
6.363636363636363,318181.7956783357,50,1
6.4646464646464645,323232.32706022204,50,1
6.565656565656566,328282.83597068116,50,1
6.666666666666667,333333.3274656896,50,1
6.767676767676767,338383.84668421844,50,1
6.8686868686868685,343434.31351996906,50,1
6.96969696969697,348484.858677827,50,1
7.070707070707071,353535.36494797585,50,1
7.171717171717171,358585.8490102351,50,1
7.2727272727272725,363636.3398129798,50,1
7.373737373737374,368686.83368350606,50,1
7.474747474747475,373737.39583013393,50,1
7.575757575757575,378787.88443136157,50,1
7.6767676767676765,383838.3943715068,50,1
7.777777777777778,388888.91151679284,50,1
7.878787878787879,393939.3999953825,50,1
7.979797979797979,398989.8946896005,50,1
8.080808080808081,404040.39478878677,50,1
8.181818181818182,409090.965511028,50,1
8.282828282828282,414141.4104380386,50,1
8.383838383838384,419191.9172347723,50,1
8.484848484848484,424242.44415239466,50,1
8.585858585858587,429292.9048548496,50,1
8.686868686868687,434343.4377805453,50,1
8.787878787878787,439393.93610277557,50,1
8.88888888888889,444444.4685545662,50,1
8.98989898989899,449494.94307581685,50,1
9.09090909090909,454545.4655788218,50,1
9.191919191919192,459595.9507770436,50,1
9.292929292929292,464646.4365058697,50,1
9.393939393939394,469696.9561841846,50,1
9.494949494949495,474747.4558317428,50,1
9.595959595959595,479797.9687953828,50,1
9.696969696969697,484848.4865756188,50,1
9.797979797979798,489899.01039127086,50,1
9.8989898989899,494949.51344243216,50,1
10.0,499999.99787922786,50,1
0.0,-0.018882853719041106,50,2
0.10101010101010101,5050.515732773142,50,2
0.20202020202020202,10101.018126077997,50,2
0.30303030303030304,15151.503814681457,50,2
0.40404040404040403,20202.024489186606,50,2
0.5050505050505051,25252.503054049128,50,2
0.6060606060606061,30303.0060162126,50,2
0.7070707070707071,35353.5311291864,50,2
0.8080808080808081,40404.04013302843,50,2
0.9090909090909091,45454.55779630945,50,2
1.0101010101010102,50505.044218152645,50,2
1.1111111111111112,55555.56732142618,50,2
1.2121212121212122,60606.07503806024,50,2
1.3131313131313131,65656.61934977795,50,2
1.4141414141414141,70707.09994205943,50,2
1.5151515151515151,75757.55422000245,50,2
1.6161616161616161,80808.06890477322,50,2
1.7171717171717171,85858.57890161437,50,2
1.8181818181818181,90909.08143832546,50,2
1.9191919191919191,95959.58772439958,50,2
2.0202020202020203,101010.09647691935,50,2
2.121212121212121,106060.58390782597,50,2
2.2222222222222223,111111.10174796698,50,2
2.323232323232323,116161.57896845933,50,2
2.4242424242424243,121212.14530584672,50,2
2.525252525252525,126262.62320307549,50,2
2.6262626262626263,131313.12369352253,50,2
2.727272727272727,136363.6534520266,50,2
2.8282828282828283,141414.17104214837,50,2
2.929292929292929,146464.6613993942,50,2
3.0303030303030303,151515.16171501105,50,2
3.131313131313131,156565.6851019055,50,2
3.2323232323232323,161616.1851514996,50,2
3.3333333333333335,166666.6595313103,50,2
3.4343434343434343,171717.1706344483,50,2
3.5353535353535355,176767.65736840936,50,2
3.6363636363636362,181818.16832465876,50,2
3.7373737373737375,186868.65606501896,50,2
3.8383838383838382,191919.15370064453,50,2
3.9393939393939394,196969.7085348483,50,2
4.040404040404041,202020.19575553277,50,2
4.141414141414141,207070.72808362407,50,2
4.242424242424242,212121.2166900822,50,2
4.343434343434343,217171.74846497775,50,2
4.444444444444445,222222.21244672392,50,2
4.545454545454545,227272.71952240265,50,2
4.646464646464646,232323.2450202543,50,2
4.747474747474747,237373.7266847859,50,2
4.848484848484849,242424.25549122057,50,2
4.94949494949495,247474.7315993398,50,2
5.05050505050505,252525.23376644493,50,2
5.151515151515151,257575.7416244906,50,2
5.252525252525253,262626.25083505915,50,2
5.353535353535354,267676.7897688059,50,2
5.454545454545454,272727.27387249406,50,2
5.555555555555555,277777.76419430895,50,2
5.656565656565657,282828.3088258597,50,2
5.757575757575758,287878.7836106001,50,2
5.858585858585858,292929.32001931197,50,2
5.959595959595959,297979.79853702907,50,2
6.0606060606060606,303030.3272388807,50,2
6.161616161616162,308080.79529153276,50,2
6.262626262626262,313131.35503341025,50,2
6.363636363636363,318181.8280401759,50,2
6.4646464646464645,323232.3411378568,50,2
6.565656565656566,328282.8494973653,50,2
6.666666666666667,333333.3294571104,50,2
6.767676767676767,338383.8394140472,50,2
6.8686868686868685,343434.31740979,50,2
6.96969696969697,348484.8487704015,50,2
7.070707070707071,353535.3326024134,50,2
7.171717171717171,358585.8458863579,50,2
7.2727272727272725,363636.4019641761,50,2
7.373737373737374,368686.843507582,50,2
7.474747474747475,373737.3784018518,50,2
7.575757575757575,378787.8525200301,50,2
7.6767676767676765,383838.37103957677,50,2
7.777777777777778,388888.9111800486,50,2
7.878787878787879,393939.38718875044,50,2
7.979797979797979,398989.9061631257,50,2
8.080808080808081,404040.39858275576,50,2
8.181818181818182,409090.8782969155,50,2
8.282828282828282,414141.4313436758,50,2
8.383838383838384,419191.916773946,50,2
8.484848484848484,424242.44752914534,50,2
8.585858585858587,429292.9048209142,50,2
8.686868686868687,434343.4522033532,50,2
8.787878787878787,439393.9286891745,50,2
8.88888888888889,444444.4782467362,50,2
8.98989898989899,449494.95725485927,50,2
9.09090909090909,454545.47070182575,50,2
9.191919191919192,459595.9551054991,50,2
9.292929292929292,464646.4703726485,50,2
9.393939393939394,469696.9489901168,50,2
9.494949494949495,474747.475331518,50,2
9.595959595959595,479797.96059769695,50,2
9.696969696969697,484848.4669451085,50,2
9.797979797979798,489898.9752560478,50,2
9.8989898989899,494949.51158777386,50,2
10.0,500000.00783133175,50,2
0.0,-0.015839658792589435,50,3
0.10101010101010101,5050.512629873357,50,3
0.20202020202020202,10101.020862546164,50,3
0.30303030303030304,15151.500390974836,50,3
0.40404040404040403,20202.019313919227,50,3
0.5050505050505051,25252.54597087586,50,3
0.6060606060606061,30303.04006370698,50,3
0.7070707070707071,35353.56943710413,50,3
0.8080808080808081,40404.04816180471,50,3
0.9090909090909091,45454.54535541738,50,3
1.0101010101010102,50505.064432267834,50,3
1.1111111111111112,55555.535983700676,50,3
1.2121212121212122,60606.0358567069,50,3
1.3131313131313131,65656.59472714592,50,3
1.4141414141414141,70707.06651844678,50,3
1.5151515151515151,75757.58340459736,50,3
1.6161616161616161,80808.10068673435,50,3
1.7171717171717171,85858.5701065865,50,3
1.8181818181818181,90909.11527173624,50,3
1.9191919191919191,95959.56332294439,50,3
2.0202020202020203,101010.10881756741,50,3
2.121212121212121,106060.61265330149,50,3
2.2222222222222223,111111.12354405329,50,3
2.323232323232323,116161.61058891033,50,3
2.4242424242424243,121212.11786419655,50,3
2.525252525252525,126262.64226079002,50,3
2.6262626262626263,131313.12347119857,50,3
2.727272727272727,136363.6421450055,50,3
2.8282828282828283,141414.139688341,50,3
2.929292929292929,146464.61984756883,50,3
3.0303030303030303,151515.15514555576,50,3
3.131313131313131,156565.67760375576,50,3
3.2323232323232323,161616.154193307,50,3
3.3333333333333335,166666.70518728075,50,3
3.4343434343434343,171717.1690584354,50,3
3.5353535353535355,176767.67722081803,50,3
3.6363636363636362,181818.23083308863,50,3
3.7373737373737375,186868.6623884753,50,3
3.8383838383838382,191919.1939564494,50,3
3.9393939393939394,196969.6971789603,50,3
4.040404040404041,202020.19971795843,50,3
4.141414141414141,207070.67065642288,50,3
4.242424242424242,212121.18151152934,50,3
4.343434343434343,217171.73551717476,50,3
4.444444444444445,222222.1642706881,50,3
4.545454545454545,227272.73941762024,50,3
4.646464646464646,232323.21145486715,50,3
4.747474747474747,237373.69371591136,50,3
4.848484848484849,242424.25658033526,50,3
4.94949494949495,247474.75286965247,50,3
5.05050505050505,252525.26392013443,50,3
5.151515151515151,257575.76917898047,50,3
5.252525252525253,262626.2388745232,50,3
5.353535353535354,267676.7798519079,50,3
5.454545454545454,272727.27581999026,50,3
5.555555555555555,277777.77510410914,50,3
5.656565656565657,282828.2812365476,50,3
5.757575757575758,287878.796017483,50,3
5.858585858585858,292929.2759548596,50,3
5.959595959595959,297979.8111738049,50,3
6.0606060606060606,303030.2692396652,50,3
6.161616161616162,308080.7966498525,50,3
6.262626262626262,313131.3313946021,50,3
6.363636363636363,318181.7984989063,50,3
6.4646464646464645,323232.32196572446,50,3
6.565656565656566,328282.80001785845,50,3
6.666666666666667,333333.3309879055,50,3
6.767676767676767,338383.86805462703,50,3
6.8686868686868685,343434.3632490713,50,3
6.96969696969697,348484.86532470916,50,3
7.070707070707071,353535.3406646721,50,3
7.171717171717171,358585.86188076506,50,3
7.2727272727272725,363636.3777368723,50,3
7.373737373737374,368686.86012134387,50,3
7.474747474747475,373737.3998382741,50,3
7.575757575757575,378787.8591331778,50,3
7.6767676767676765,383838.4007226335,50,3
7.777777777777778,388888.8950183155,50,3
7.878787878787879,393939.4043510802,50,3
7.979797979797979,398989.9143796281,50,3
8.080808080808081,404040.4099589429,50,3
8.181818181818182,409090.934553032,50,3
8.282828282828282,414141.4411976488,50,3
8.383838383838384,419191.9485000348,50,3
8.484848484848484,424242.412048187,50,3
8.585858585858587,429292.9228303061,50,3
8.686868686868687,434343.40733042825,50,3
8.787878787878787,439393.932406007,50,3
8.88888888888889,444444.42919470277,50,3
8.98989898989899,449494.946575659,50,3
9.09090909090909,454545.430866116,50,3
9.191919191919192,459595.96308851166,50,3
9.292929292929292,464646.4776638795,50,3
9.393939393939394,469697.0224841673,50,3
9.494949494949495,474747.491924892,50,3
9.595959595959595,479797.9759189253,50,3
9.696969696969697,484848.4786759513,50,3
9.797979797979798,489898.95361567056,50,3
9.8989898989899,494949.48200750246,50,3
10.0,499999.9770035306,50,3
0.0,-0.003579824322814623,100,1
0.10101010101010101,6733.949416398371,100,1
0.20202020202020202,13468.001318266668,100,1
0.30303030303030304,20202.020697153097,100,1
0.40404040404040403,26936.011689695635,100,1
0.5050505050505051,33670.00442269826,100,1
0.6060606060606061,40404.00076801518,100,1
0.7070707070707071,47138.04009661595,100,1
0.8080808080808081,53872.02014017657,100,1
0.9090909090909091,60606.066764741314,100,1
1.0101010101010102,67340.10702096196,100,1
1.1111111111111112,74074.10393454014,100,1
1.2121212121212122,80808.11624863652,100,1
1.3131313131313131,87542.08321974952,100,1
1.4141414141414141,94276.09205342372,100,1
1.5151515151515151,101010.13546145117,100,1
1.6161616161616161,107744.10204676888,100,1
1.7171717171717171,114478.102230285,100,1
1.8181818181818181,121212.10478968178,100,1
1.9191919191919191,127946.12110269013,100,1
2.0202020202020203,134680.14338579055,100,1
2.121212121212121,141414.16289445176,100,1
2.2222222222222223,148148.15940422242,100,1
2.323232323232323,154882.18664528878,100,1
2.4242424242424243,161616.15871370575,100,1
2.525252525252525,168350.16382590387,100,1
2.6262626262626263,175084.1836439706,100,1
2.727272727272727,181818.1663763103,100,1
2.8282828282828283,188552.1650323272,100,1
2.929292929292929,195286.20715289813,100,1
3.0303030303030303,202020.17046157364,100,1
3.131313131313131,208754.20766788247,100,1
3.2323232323232323,215488.18850402237,100,1
3.3333333333333335,222222.24868595,100,1
3.4343434343434343,228956.25153531187,100,1
3.5353535353535355,235690.22297701277,100,1
3.6363636363636362,242424.24949889714,100,1
3.7373737373737375,249158.24940703684,100,1
3.8383838383838382,255892.24935496616,100,1
3.9393939393939394,262626.267380771,100,1
4.040404040404041,269360.2952595857,100,1
4.141414141414141,276094.27565995674,100,1
4.242424242424242,282828.28564857924,100,1
4.343434343434343,289562.278776738,100,1
4.444444444444445,296296.3148913073,100,1
4.545454545454545,303030.300609173,100,1
4.646464646464646,309764.2843784636,100,1
4.747474747474747,316498.3354114425,100,1
4.848484848484849,323232.3194276905,100,1
4.94949494949495,329966.32579907443,100,1
5.05050505050505,336700.35975648306,100,1
5.151515151515151,343434.32539996767,100,1
5.252525252525253,350168.3708601292,100,1
5.353535353535354,356902.35071667505,100,1
5.454545454545454,363636.35384620127,100,1
5.555555555555555,370370.38610604504,100,1
5.656565656565657,377104.3925967531,100,1
5.757575757575758,383838.4282475369,100,1
5.858585858585858,390572.3777247227,100,1
5.959595959595959,397306.3956508517,100,1
6.0606060606060606,404040.41047007416,100,1
6.161616161616162,410774.3983568655,100,1
6.262626262626262,417508.43280334934,100,1
6.363636363636363,424242.4415568962,100,1
6.4646464646464645,430976.4029293409,100,1
6.565656565656566,437710.40907089476,100,1
6.666666666666667,444444.4542092025,100,1
6.767676767676767,451178.47124688403,100,1
6.8686868686868685,457912.4550537201,100,1
6.96969696969697,464646.43562604586,100,1
7.070707070707071,471380.4371786953,100,1
7.171717171717171,478114.4400320978,100,1
7.2727272727272725,484848.4545440076,100,1
7.373737373737374,491582.4795739127,100,1
7.474747474747475,498316.47147842473,100,1
7.575757575757575,505050.48129657505,100,1
7.6767676767676765,511784.5092570973,100,1
7.777777777777778,518518.475120991,100,1
7.878787878787879,525252.517415106,100,1
7.979797979797979,531986.5086834276,100,1
8.080808080808081,538720.5469083042,100,1
8.181818181818182,545454.5655584839,100,1
8.282828282828282,552188.5911969783,100,1
8.383838383838384,558922.5541518269,100,1
8.484848484848484,565656.5558476538,100,1
8.585858585858587,572390.599168184,100,1
8.686868686868687,579124.5833315733,100,1
8.787878787878787,585858.6144326556,100,1
8.88888888888889,592592.5714892518,100,1
8.98989898989899,599326.6168457299,100,1
9.09090909090909,606060.6651787155,100,1
9.191919191919192,612794.5915438498,100,1
9.292929292929292,619528.6067033543,100,1
9.393939393939394,626262.659577188,100,1
9.494949494949495,632996.6233174771,100,1
9.595959595959595,639730.6729771271,100,1
9.696969696969697,646464.6514285797,100,1
9.797979797979798,653198.6603823334,100,1
9.8989898989899,659932.6888051006,100,1
10.0,666666.6898609002,100,1
0.0,-0.009587998317664366,100,2
0.10101010101010101,6734.0122492909995,100,2
0.20202020202020202,13468.01030594749,100,2
0.30303030303030304,20202.004004973565,100,2
0.40404040404040403,26935.999602406715,100,2
0.5050505050505051,33670.030108237486,100,2
0.6060606060606061,40404.01814109718,100,2
0.7070707070707071,47138.05945742593,100,2
0.8080808080808081,53872.09111725286,100,2
0.9090909090909091,60606.04738625911,100,2
1.0101010101010102,67340.06753760329,100,2
1.1111111111111112,74074.07432205316,100,2
1.2121212121212122,80808.1079788673,100,2
1.3131313131313131,87542.09358237502,100,2
1.4141414141414141,94276.09085531985,100,2
1.5151515151515151,101010.116017824,100,2
1.6161616161616161,107744.10551267641,100,2
1.7171717171717171,114478.14436847076,100,2
1.8181818181818181,121212.10646801826,100,2
1.9191919191919191,127946.11113233428,100,2
2.0202020202020203,134680.13280159896,100,2
2.121212121212121,141414.1511025044,100,2
2.2222222222222223,148148.1401662958,100,2
2.323232323232323,154882.1307912441,100,2
2.4242424242424243,161616.14252451205,100,2
2.525252525252525,168350.15876977632,100,2
2.6262626262626263,175084.17188528128,100,2
2.727272727272727,181818.17729267463,100,2
2.8282828282828283,188552.185709559,100,2
2.929292929292929,195286.18726186684,100,2
3.0303030303030303,202020.21212132278,100,2
3.131313131313131,208754.2163649201,100,2
3.2323232323232323,215488.21117606718,100,2
3.3333333333333335,222222.25582373142,100,2
3.4343434343434343,228956.22629064825,100,2
3.5353535353535355,235690.25044802355,100,2
3.6363636363636362,242424.25920330838,100,2
3.7373737373737375,249158.2558996546,100,2
3.8383838383838382,255892.28183344737,100,2
3.9393939393939394,262626.28637220815,100,2
4.040404040404041,269360.28046532976,100,2
4.141414141414141,276094.27845037065,100,2
4.242424242424242,282828.2717677096,100,2
4.343434343434343,289562.28190298594,100,2
4.444444444444445,296296.30651087785,100,2
4.545454545454545,303030.30614004884,100,2
4.646464646464646,309764.28526451037,100,2
4.747474747474747,316498.3162421162,100,2
4.848484848484849,323232.32563858834,100,2
4.94949494949495,329966.3547181094,100,2
5.05050505050505,336700.32514016883,100,2
5.151515151515151,343434.36118826503,100,2
5.252525252525253,350168.3514964165,100,2
5.353535353535354,356902.3392875593,100,2
5.454545454545454,363636.33345924766,100,2
5.555555555555555,370370.35068051645,100,2
5.656565656565657,377104.32936522434,100,2
5.757575757575758,383838.37878546567,100,2
5.858585858585858,390572.3978877734,100,2
5.959595959595959,397306.41624580516,100,2
6.0606060606060606,404040.3970810609,100,2
6.161616161616162,410774.3798930295,100,2
6.262626262626262,417508.4122873689,100,2
6.363636363636363,424242.4552886849,100,2
6.4646464646464645,430976.4435697229,100,2
6.565656565656566,437710.4547663577,100,2
6.666666666666667,444444.45440467214,100,2
6.767676767676767,451178.47638170386,100,2
6.8686868686868685,457912.42767222953,100,2
6.96969696969697,464646.4506831746,100,2
7.070707070707071,471380.4705961014,100,2
7.171717171717171,478114.50119678606,100,2
7.2727272727272725,484848.478768002,100,2
7.373737373737374,491582.5078930289,100,2
7.474747474747475,498316.476358797,100,2
7.575757575757575,505050.48562229157,100,2
7.6767676767676765,511784.4993979466,100,2
7.777777777777778,518518.5414099307,100,2
7.878787878787879,525252.5160845985,100,2
7.979797979797979,531986.5079337667,100,2
8.080808080808081,538720.5244878646,100,2
8.181818181818182,545454.538952929,100,2
8.282828282828282,552188.5430985612,100,2
8.383838383838384,558922.5772726939,100,2
8.484848484848484,565656.5476084951,100,2
8.585858585858587,572390.5684810055,100,2
8.686868686868687,579124.6191194233,100,2
8.787878787878787,585858.5892458837,100,2
8.88888888888889,592592.6152956326,100,2
8.98989898989899,599326.6031918876,100,2
9.09090909090909,606060.5976798912,100,2
9.191919191919192,612794.5838752792,100,2
9.292929292929292,619528.6077501421,100,2
9.393939393939394,626262.635530006,100,2
9.494949494949495,632996.6438207808,100,2
9.595959595959595,639730.6058521286,100,2
9.696969696969697,646464.6569650471,100,2
9.797979797979798,653198.6848649799,100,2
9.8989898989899,659932.6296541016,100,2
10.0,666666.6608894442,100,2
0.0,0.023554730292523533,100,3
0.10101010101010101,6734.02252479444,100,3
0.20202020202020202,13468.035863237974,100,3
0.30303030303030304,20202.02564606149,100,3
0.40404040404040403,26936.020395899766,100,3
0.5050505050505051,33670.00183964512,100,3
0.6060606060606061,40404.04592068431,100,3
0.7070707070707071,47138.087981963916,100,3
0.8080808080808081,53872.07723822719,100,3
0.9090909090909091,60606.0352827675,100,3
1.0101010101010102,67340.08034786963,100,3
1.1111111111111112,74074.08365218436,100,3
1.2121212121212122,80808.06715715677,100,3
1.3131313131313131,87542.05794334848,100,3
1.4141414141414141,94276.10310964122,100,3
1.5151515151515151,101010.099584636,100,3
1.6161616161616161,107744.10514492,100,3
1.7171717171717171,114478.08639533681,100,3
1.8181818181818181,121212.15197336396,100,3
1.9191919191919191,127946.11281642417,100,3
2.0202020202020203,134680.1354171606,100,3
2.121212121212121,141414.13559573406,100,3
2.2222222222222223,148148.14860815412,100,3
2.323232323232323,154882.1741536283,100,3
2.4242424242424243,161616.1647292354,100,3
2.525252525252525,168350.17682010063,100,3
2.6262626262626263,175084.18336554195,100,3
2.727272727272727,181818.15212748194,100,3
2.8282828282828283,188552.1873016026,100,3
2.929292929292929,195286.2243881807,100,3
3.0303030303030303,202020.1808400223,100,3
3.131313131313131,208754.22428996366,100,3
3.2323232323232323,215488.25796638097,100,3
3.3333333333333335,222222.2138208997,100,3
3.4343434343434343,228956.24942972255,100,3
3.5353535353535355,235690.2564293968,100,3
3.6363636363636362,242424.25424325428,100,3
3.7373737373737375,249158.25189161024,100,3
3.8383838383838382,255892.25431048148,100,3
3.9393939393939394,262626.2689419935,100,3
4.040404040404041,269360.28141568514,100,3
4.141414141414141,276094.2970092557,100,3
4.242424242424242,282828.28436297533,100,3
4.343434343434343,289562.2896490192,100,3
4.444444444444445,296296.28425010986,100,3
4.545454545454545,303030.29014081205,100,3
4.646464646464646,309764.3074843898,100,3
4.747474747474747,316498.32316738233,100,3
4.848484848484849,323232.306984905,100,3
4.94949494949495,329966.30702950375,100,3
5.05050505050505,336700.36266954395,100,3
5.151515151515151,343434.3443952508,100,3
5.252525252525253,350168.38549051835,100,3
5.353535353535354,356902.35240394797,100,3
5.454545454545454,363636.3803178518,100,3
5.555555555555555,370370.3727064699,100,3
5.656565656565657,377104.3961944106,100,3
5.757575757575758,383838.38908133283,100,3
5.858585858585858,390572.38133221044,100,3
5.959595959595959,397306.3986902327,100,3
6.0606060606060606,404040.41138454195,100,3
6.161616161616162,410774.46516647923,100,3
6.262626262626262,417508.4011806715,100,3
6.363636363636363,424242.41479816096,100,3
6.4646464646464645,430976.43800151994,100,3
6.565656565656566,437710.4542967809,100,3
6.666666666666667,444444.43220170133,100,3
6.767676767676767,451178.41620578064,100,3
6.8686868686868685,457912.44742687914,100,3
6.96969696969697,464646.4515340285,100,3
7.070707070707071,471380.46306472924,100,3
7.171717171717171,478114.46914291556,100,3
7.2727272727272725,484848.4398653353,100,3
7.373737373737374,491582.489557602,100,3
7.474747474747475,498316.49769843847,100,3
7.575757575757575,505050.5203639302,100,3
7.6767676767676765,511784.50356168556,100,3
7.777777777777778,518518.5024927652,100,3
7.878787878787879,525252.5464053444,100,3
7.979797979797979,531986.5475673474,100,3
8.080808080808081,538720.5445073403,100,3
8.181818181818182,545454.5691188832,100,3
8.282828282828282,552188.5392802318,100,3
8.383838383838384,558922.5813952374,100,3
8.484848484848484,565656.590466107,100,3
8.585858585858587,572390.5749941979,100,3
8.686868686868687,579124.6016198938,100,3
8.787878787878787,585858.5824797327,100,3
8.88888888888889,592592.6042412308,100,3
8.98989898989899,599326.6091193325,100,3
9.09090909090909,606060.5616079853,100,3
9.191919191919192,612794.5951859809,100,3
9.292929292929292,619528.5986774741,100,3
9.393939393939394,626262.6124941385,100,3
9.494949494949495,632996.6420558038,100,3
9.595959595959595,639730.6140640042,100,3
9.696969696969697,646464.6433078197,100,3
9.797979797979798,653198.630069044,100,3
9.8989898989899,659932.6450607545,100,3
10.0,666666.676509202,100,3
0.0,-0.026959484564908407,200,1
0.10101010101010101,8080.743516258095,200,1
0.20202020202020202,16161.612517358628,200,1
0.30303030303030304,24242.468822975232,200,1
0.40404040404040403,32323.241592467737,200,1
0.5050505050505051,40404.02500122165,200,1
0.6060606060606061,48484.85515432956,200,1
0.7070707070707071,56565.66817238626,200,1
0.8080808080808081,64646.44421616684,200,1
0.9090909090909091,72727.28760473854,200,1
1.0101010101010102,80808.10279298922,200,1
1.1111111111111112,88888.85957748849,200,1
1.2121212121212122,96969.69571794347,200,1
1.3131313131313131,105050.50520808026,200,1
1.4141414141414141,113131.27199235748,200,1
1.5151515151515151,121212.154386614,200,1
1.6161616161616161,129292.92525377555,200,1
1.7171717171717171,137373.74411322898,200,1
1.8181818181818181,145454.5456055178,200,1
1.9191919191919191,153535.34750169888,200,1
2.0202020202020203,161616.17172487578,200,1
2.121212121212121,169696.96433979596,200,1
2.2222222222222223,177777.73236122276,200,1
2.323232323232323,185858.59257938102,200,1
2.4242424242424243,193939.41741191197,200,1
2.525252525252525,202020.18003601857,200,1
2.6262626262626263,210100.984364491,200,1
2.727272727272727,218181.8253220081,200,1
2.8282828282828283,226262.62674351677,200,1
2.929292929292929,234343.4338138816,200,1
3.0303030303030303,242424.210257893,200,1
3.131313131313131,250505.07400200388,200,1
3.2323232323232323,258585.85726286488,200,1
3.3333333333333335,266666.64311032335,200,1
3.4343434343434343,274747.46679733804,200,1
3.5353535353535355,282828.25927136344,200,1
3.6363636363636362,290909.09221131384,200,1
3.7373737373737375,298989.874243395,200,1
3.8383838383838382,307070.7146525694,200,1
3.9393939393939394,315151.4831410637,200,1
4.040404040404041,323232.28609537164,200,1
4.141414141414141,331313.1549916802,200,1
4.242424242424242,339393.93734714,200,1
4.343434343434343,347474.741436587,200,1
4.444444444444445,355555.5241257894,200,1
4.545454545454545,363636.3780043147,200,1
4.646464646464646,371717.16762665013,200,1
4.747474747474747,379797.9841915391,200,1
4.848484848484849,387878.74598036165,200,1
4.94949494949495,395959.6148479381,200,1
5.05050505050505,404040.39297154127,200,1
5.151515151515151,412121.24186306726,200,1
5.252525252525253,420202.04354146734,200,1
5.353535353535354,428282.80513619905,200,1
5.454545454545454,436363.63782607997,200,1
5.555555555555555,444444.43462039914,200,1
5.656565656565657,452525.23294217605,200,1
5.757575757575758,460606.04531243764,200,1
5.858585858585858,468686.8296586895,200,1
5.959595959595959,476767.6285328344,200,1
6.0606060606060606,484848.4773922107,200,1
6.161616161616162,492929.3411068522,200,1
6.262626262626262,501010.0725925593,200,1
6.363636363636363,509090.8997627345,200,1
6.4646464646464645,517171.74980635237,200,1
6.565656565656566,525252.5267022422,200,1
6.666666666666667,533333.3188407941,200,1
6.767676767676767,541414.1458485668,200,1
6.8686868686868685,549494.964074179,200,1
6.96969696969697,557575.7543213884,200,1
7.070707070707071,565656.595147793,200,1
7.171717171717171,573737.322289211,200,1
7.2727272727272725,581818.1767471884,200,1
7.373737373737374,589898.9912145908,200,1
7.474747474747475,597979.7973014314,200,1
7.575757575757575,606060.6146938178,200,1
7.6767676767676765,614141.4141809549,200,1
7.777777777777778,622222.2403411181,200,1
7.878787878787879,630303.0517113536,200,1
7.979797979797979,638383.8493188311,200,1
8.080808080808081,646464.6777041494,200,1
8.181818181818182,654545.456972718,200,1
8.282828282828282,662626.2555650587,200,1
8.383838383838384,670707.0686675808,200,1
8.484848484848484,678787.8756621475,200,1
8.585858585858587,686868.6561819513,200,1
8.686868686868687,694949.5118299667,200,1
8.787878787878787,703030.3150948504,200,1
8.88888888888889,711111.086549059,200,1
8.98989898989899,719191.9200860703,200,1
9.09090909090909,727272.7032976619,200,1
9.191919191919192,735353.5862497768,200,1
9.292929292929292,743434.3468161419,200,1
9.393939393939394,751515.1443536235,200,1
9.494949494949495,759595.9635660438,200,1
9.595959595959595,767676.7681360632,200,1
9.696969696969697,775757.5409222278,200,1
9.797979797979798,783838.412258904,200,1
9.8989898989899,791919.1841293587,200,1
10.0,799999.9979399649,200,1
0.0,-0.018987525030753058,200,2
0.10101010101010101,8080.829870358254,200,2
0.20202020202020202,16161.605458122902,200,2
0.30303030303030304,24242.42577437574,200,2
0.40404040404040403,32323.216358146008,200,2
0.5050505050505051,40404.03297440704,200,2
0.6060606060606061,48484.859765053276,200,2
0.7070707070707071,56565.67968032183,200,2
0.8080808080808081,64646.45315740448,200,2
0.9090909090909091,72727.27996555438,200,2
1.0101010101010102,80808.09382269625,200,2
1.1111111111111112,88888.84822779323,200,2
1.2121212121212122,96969.74897997941,200,2
1.3131313131313131,105050.49543817002,200,2
1.4141414141414141,113131.2949636476,200,2
1.5151515151515151,121212.09160482984,200,2
1.6161616161616161,129292.94896916086,200,2
1.7171717171717171,137373.7492207363,200,2
1.8181818181818181,145454.5570043254,200,2
1.9191919191919191,153535.37477959084,200,2
2.0202020202020203,161616.16705331413,200,2
2.121212121212121,169696.96718789067,200,2
2.2222222222222223,177777.7546982019,200,2
2.323232323232323,185858.6150475667,200,2
2.4242424242424243,193939.3506961977,200,2
2.525252525252525,202020.22052472038,200,2
2.6262626262626263,210100.98766951304,200,2
2.727272727272727,218181.8111541044,200,2
2.8282828282828283,226262.609519432,200,2
2.929292929292929,234343.4116113389,200,2
3.0303030303030303,242424.25486210166,200,2
3.131313131313131,250505.03235128618,200,2
3.2323232323232323,258585.80331255737,200,2
3.3333333333333335,266666.6735104109,200,2
3.4343434343434343,274747.467058964,200,2
3.5353535353535355,282828.2774059263,200,2
3.6363636363636362,290909.10516393726,200,2
3.7373737373737375,298989.9031839032,200,2
3.8383838383838382,307070.7255763166,200,2
3.9393939393939394,315151.52191975585,200,2
4.040404040404041,323232.31678232824,200,2
4.141414141414141,331313.105170536,200,2
4.242424242424242,339393.94687687827,200,2
4.343434343434343,347474.7800150821,200,2
4.444444444444445,355555.54025942105,200,2
4.545454545454545,363636.3648745436,200,2
4.646464646464646,371717.17807116924,200,2
4.747474747474747,379798.0076156179,200,2
4.848484848484849,387878.81218798005,200,2
4.94949494949495,395959.5884828297,200,2
5.05050505050505,404040.4195188764,200,2
5.151515151515151,412121.19173140026,200,2
5.252525252525253,420202.03852378775,200,2
5.353535353535354,428282.84309793974,200,2
5.454545454545454,436363.6581564986,200,2
5.555555555555555,444444.44690705906,200,2
5.656565656565657,452525.2805367012,200,2
5.757575757575758,460606.0808248987,200,2
5.858585858585858,468686.8578034196,200,2
5.959595959595959,476767.67983567,200,2
6.0606060606060606,484848.4696410193,200,2
6.161616161616162,492929.27474897436,200,2
6.262626262626262,501010.1071787026,200,2
6.363636363636363,509090.89934377617,200,2
6.4646464646464645,517171.72066806984,200,2
6.565656565656566,525252.4993851915,200,2
6.666666666666667,533333.3364713524,200,2
6.767676767676767,541414.1397905139,200,2
6.8686868686868685,549494.9590274649,200,2
6.96969696969697,557575.7838124471,200,2
7.070707070707071,565656.5466254457,200,2
7.171717171717171,573737.399731936,200,2
7.2727272727272725,581818.1847640584,200,2
7.373737373737374,589899.0026755946,200,2
7.474747474747475,597979.807214546,200,2
7.575757575757575,606060.6100741259,200,2
7.6767676767676765,614141.4174154793,200,2
7.777777777777778,622222.2174704259,200,2
7.878787878787879,630303.0407018741,200,2
7.979797979797979,638383.8478005424,200,2
8.080808080808081,646464.6173250368,200,2
8.181818181818182,654545.440610549,200,2
8.282828282828282,662626.2497042672,200,2
8.383838383838384,670707.0514230374,200,2
8.484848484848484,678787.9030097456,200,2
8.585858585858587,686868.7207927543,200,2
8.686868686868687,694949.5300575903,200,2
8.787878787878787,703030.3191939854,200,2
8.88888888888889,711111.1289361963,200,2
8.98989898989899,719191.9422431943,200,2
9.09090909090909,727272.7031035295,200,2
9.191919191919192,735353.5236029441,200,2
9.292929292929292,743434.370078892,200,2
9.393939393939394,751515.1273553103,200,2
9.494949494949495,759595.9312010894,200,2
9.595959595959595,767676.7605915653,200,2
9.696969696969697,775757.5373439379,200,2
9.797979797979798,783838.4024621103,200,2
9.8989898989899,791919.216530154,200,2
10.0,800000.007879346,200,2
0.0,-0.013059538967829906,200,3
0.10101010101010101,8080.791600394024,200,3
0.20202020202020202,16161.58075428898,200,3
0.30303030303030304,24242.41614934383,200,3
0.40404040404040403,32323.185871514877,200,3
0.5050505050505051,40404.04905075228,200,3
0.6060606060606061,48484.894555947714,200,3
0.7070707070707071,56565.6237696473,200,3
0.8080808080808081,64646.44946072698,200,3
0.9090909090909091,72727.28684546145,200,3
1.0101010101010102,80808.08950097201,200,3
1.1111111111111112,88888.891653605,200,3
1.2121212121212122,96969.70425153221,200,3
1.3131313131313131,105050.50206078951,200,3
1.4141414141414141,113131.33230720229,200,3
1.5151515151515151,121212.14984931015,200,3
1.6161616161616161,129292.9372272252,200,3
1.7171717171717171,137373.75671867313,200,3
1.8181818181818181,145454.52790637716,200,3
1.9191919191919191,153535.32137885797,200,3
2.0202020202020203,161616.18179051054,200,3
2.121212121212121,169696.96213637348,200,3
2.2222222222222223,177777.77343189935,200,3
2.323232323232323,185858.56407515745,200,3
2.4242424242424243,193939.383878249,200,3
2.525252525252525,202020.2139902008,200,3
2.6262626262626263,210101.00176117523,200,3
2.727272727272727,218181.81968729582,200,3
2.8282828282828283,226262.63111621927,200,3
2.929292929292929,234343.37247557027,200,3
3.0303030303030303,242424.2640749483,200,3
3.131313131313131,250505.00238814694,200,3
3.2323232323232323,258585.8936555545,200,3
3.3333333333333335,266666.66285783116,200,3
3.4343434343434343,274747.4775865246,200,3
3.5353535353535355,282828.2656433635,200,3
3.6363636363636362,290909.0919805502,200,3
3.7373737373737375,298989.8657047057,200,3
3.8383838383838382,307070.6932042485,200,3
3.9393939393939394,315151.5189542988,200,3
4.040404040404041,323232.33972290554,200,3
4.141414141414141,331313.1354342558,200,3
4.242424242424242,339393.91445493134,200,3
4.343434343434343,347474.80587065447,200,3
4.444444444444445,355555.5613152548,200,3
4.545454545454545,363636.36255195114,200,3
4.646464646464646,371717.1802600875,200,3
4.747474747474747,379798.00226523355,200,3
4.848484848484849,387878.7941099936,200,3
4.94949494949495,395959.5853151363,200,3
5.05050505050505,404040.4652517316,200,3
5.151515151515151,412121.22056211805,200,3
5.252525252525253,420202.00801017426,200,3
5.353535353535354,428282.8319118667,200,3
5.454545454545454,436363.6300214559,200,3
5.555555555555555,444444.5043202095,200,3
5.656565656565657,452525.2731844597,200,3
5.757575757575758,460606.0404496293,200,3
5.858585858585858,468686.8507609252,200,3
5.959595959595959,476767.68479693844,200,3
6.0606060606060606,484848.4690988806,200,3
6.161616161616162,492929.2436646254,200,3
6.262626262626262,501010.1240912667,200,3
6.363636363636363,509090.93806553236,200,3
6.4646464646464645,517171.69796734216,200,3
6.565656565656566,525252.5550605566,200,3
6.666666666666667,533333.3705179807,200,3
6.767676767676767,541414.1401932753,200,3
6.8686868686868685,549494.975455267,200,3
6.96969696969697,557575.7525182326,200,3
7.070707070707071,565656.5487619352,200,3
7.171717171717171,573737.3733838272,200,3
7.2727272727272725,581818.1654181314,200,3
7.373737373737374,589898.9888148861,200,3
7.474747474747475,597979.815754116,200,3
7.575757575757575,606060.5758931463,200,3
7.6767676767676765,614141.4265821078,200,3
7.777777777777778,622222.2252412493,200,3
7.878787878787879,630303.0465318124,200,3
7.979797979797979,638383.8117199232,200,3
8.080808080808081,646464.6577843697,200,3
8.181818181818182,654545.4396342871,200,3
8.282828282828282,662626.269063311,200,3
8.383838383838384,670707.0627866444,200,3
8.484848484848484,678787.88466416,200,3
8.585858585858587,686868.6960931867,200,3
8.686868686868687,694949.4783651463,200,3
8.787878787878787,703030.313397918,200,3
8.88888888888889,711111.1073527224,200,3
8.98989898989899,719191.8873202185,200,3
9.09090909090909,727272.7057810685,200,3
9.191919191919192,735353.5603778779,200,3
9.292929292929292,743434.3178252758,200,3
9.393939393939394,751515.1818807403,200,3
9.494949494949495,759595.9858658118,200,3
9.595959595959595,767676.7856256715,200,3
9.696969696969697,775757.5540391045,200,3
9.797979797979798,783838.3828080229,200,3
9.8989898989899,791919.1801600035,200,3
10.0,800000.0100437994,200,3
